Metric,Value
Mean PD,0.19311433665416428
Mean LGD,0.5414000000000001
Mean EAD,14513.925
Total Expected Loss,1616983.8753741
Total RWA,34759509.54731226
